{"cameraMode":{"drawMode":0,"name":"Shaded","section":"Shading Mode"},"sceneLighting":true,"audioPlay":false,"sceneViewState":{"showFog":false,"showMaterialUpdate":false,"showSkybox":false,"showFlares":false,"showImageEffects":false,"showParticleSystems":false},"in2DMode":false,"pivot":{"x":3.3619251251220705,"y":-1.590442180633545,"z":-7.493258476257324},"rotation":{"x":0.004017157480120659,"y":0.9790093898773193,"z":-0.20285138487815858,"w":0.019387833774089814},"size":7.9435906410217289,"orthographic":false}